posX,posY,angle,taille
938,233,-1.920796,16
977,220,1.1692016,15
743,203,-3.8407943,21
945,231,-4.470805,50
849,189,-2.4807956,14
121,405,-0.5207974,15
79,448,-1.930796,50
149,286,-0.9907969,18
139,324,-2.200796,24
835,238,-4.1007967,30